{"_runtime":18.185286203,"val_kl":8.271696090698242,"l1":0.6118224859237671,"kl":1.2815502882003784,"val_l1":0.8085542917251587,"_step":29,"val_loss":83.52552795410156,"_timestamp":1.745891396045628e+09,"_wandb":{"runtime":18},"loss":13.427325248718262}