{"val_loss":74.99393463134766,"loss":7.995330810546875,"_timestamp":1.7485033085632718e+09,"_wandb":{"runtime":23},"val_l1":0.5604657530784607,"_runtime":23.822610698,"_step":44,"kl":0.7368553280830383,"val_kl":7.443347454071045,"l1":0.6267776489257812}