{"_step":618,"_runtime":116.425413624,"val_kl":8.271696090698242,"_wandb":{"runtime":116},"kl":0.2414509356021881,"_timestamp":1.745891757450729e+09,"val_l1":0.8085542917251587,"val_loss":83.52552795410156,"loss":2.665957450866699,"l1":0.25144821405410767}